group,n_conditions,pearson,spearman,mean_bias_observed_minus_predicted,mean_absolute_error
all,180,0.999171555190172,0.9927081452668141,-8.060208682368773e-07,1.6215486675371277e-05
block,60,0.9994453512756821,0.9966601632286382,5.448806010692012e-06,1.9457846598802676e-05
latent,60,0.9989454614282278,0.9882965814393067,-5.719512563599298e-06,2.0133892726785045e-05
mixture,60,0.9987268890205538,0.9908056559761061,-2.147356051803347e-06,9.054720700526117e-06
